id,city_name,state_id,created_by,updated_by,created_at,updated_at
0,24 PARAGANAS NORTH,35,system,,1696090682238960,1696090682238960
1,24 PARAGANAS SOUTH,35,system,,1696090682238993,1696090682238993
2,ADILABAD,30,system,,1696090682238997,1696090682238997
3,AGAR MALWA,18,system,,1696090682239001,1696090682239001
4,AGRA,33,system,,1696090682239004,1696090682239004
5,AHMADABAD,9,system,,1696090682239007,1696090682239007
6,AHMEDNAGAR,19,system,,1696090682239009,1696090682239009
7,AIZAWL,22,system,,1696090682239012,1696090682239012
8,AJMER,27,system,,1696090682239015,1696090682239015
9,AKOLA,19,system,,1696090682239018,1696090682239018
10,ALAPPUZHA,15,system,,1696090682239021,1696090682239021
11,ALIGARH,33,system,,1696090682239023,1696090682239023
12,ALIPURDUAR,35,system,,1696090682239027,1696090682239027
13,ALIRAJPUR,18,system,,1696090682239030,1696090682239030
14,ALMORA,34,system,,1696090682239033,1696090682239033
15,ALWAR,27,system,,1696090682239036,1696090682239036
16,AMBALA,10,system,,1696090682239040,1696090682239040
17,AMBEDKAR NAGAR,33,system,,1696090682239042,1696090682239042
18,AMETHI,33,system,,1696090682239045,1696090682239045
19,AMRAVATI,19,system,,1696090682239048,1696090682239048
20,AMRELI,9,system,,1696090682239051,1696090682239051
21,AMRITSAR,26,system,,1696090682239053,1696090682239053
22,AMROHA,33,system,,1696090682239056,1696090682239056
23,ANAND,9,system,,1696090682239059,1696090682239059
24,ANANTAPUR,1,system,,1696090682239060,1696090682239060
25,ANANTNAG,12,system,,1696090682239062,1696090682239062
26,ANJAW,2,system,,1696090682239065,1696090682239065
27,ANUGUL,24,system,,1696090682239067,1696090682239067
28,ANUPPUR,18,system,,1696090682239069,1696090682239069
29,ARARIA,4,system,,1696090682239072,1696090682239072
30,ARIYALUR,29,system,,1696090682239074,1696090682239074
31,ARVALLI,9,system,,1696090682239077,1696090682239077
32,ARWAL,4,system,,1696090682239079,1696090682239079
33,ASHOKNAGAR,18,system,,1696090682239081,1696090682239081
34,AURAIYA,33,system,,1696090682239084,1696090682239084
35,AURANGABAD,19,system,,1696090682239087,1696090682239087
36,AYODHYA,33,system,,1696090682239090,1696090682239090
37,AZAMGARH,33,system,,1696090682239093,1696090682239093
38,BAGALKOTE,14,system,,1696090682239096,1696090682239096
39,BAGESHWAR,34,system,,1696090682239098,1696090682239098
40,BAGHPAT,33,system,,1696090682239102,1696090682239102
41,BAHRAICH,33,system,,1696090682239105,1696090682239105
42,BAKSA,3,system,,1696090682239108,1696090682239108
43,BALAGHAT,18,system,,1696090682239112,1696090682239112
44,BALANGIR,24,system,,1696090682239115,1696090682239115
45,BALESHWAR,24,system,,1696090682239118,1696090682239118
46,BALLARI,14,system,,1696090682239121,1696090682239121
47,BALLIA,33,system,,1696090682239123,1696090682239123
48,BALOD,6,system,,1696090682239126,1696090682239126
49,BALODA BAZAR,6,system,,1696090682239129,1696090682239129
50,BALRAMPUR,33,system,,1696090682239131,1696090682239131
51,BANAS KANTHA,9,system,,1696090682239134,1696090682239134
52,BANDA,33,system,,1696090682239136,1696090682239136
53,BANDIPORA,12,system,,1696090682239139,1696090682239139
54,BANKA,4,system,,1696090682239142,1696090682239142
55,BANKURA,35,system,,1696090682239143,1696090682239143
56,BANSWARA,27,system,,1696090682239147,1696090682239147
57,BARABANKI,33,system,,1696090682239151,1696090682239151
58,BARAMULLA,12,system,,1696090682239154,1696090682239154
59,BARAN,27,system,,1696090682239156,1696090682239156
60,BAREILLY,33,system,,1696090682239160,1696090682239160
61,BARGARH,24,system,,1696090682239163,1696090682239163
62,BARMER,27,system,,1696090682239166,1696090682239166
63,BARNALA,26,system,,1696090682239169,1696090682239169
64,BARPETA,3,system,,1696090682239172,1696090682239172
65,BARWANI,18,system,,1696090682239173,1696090682239173
66,BASTAR,6,system,,1696090682239176,1696090682239176
67,BASTI,33,system,,1696090682239178,1696090682239178
68,BATHINDA,26,system,,1696090682239181,1696090682239181
69,BEED,19,system,,1696090682239184,1696090682239184
70,BEGUSARAI,4,system,,1696090682239187,1696090682239187
71,BELAGAVI,14,system,,1696090682239188,1696090682239188
72,BEMETARA,6,system,,1696090682239191,1696090682239191
73,BENGALURU RURAL,14,system,,1696090682239193,1696090682239193
74,BENGALURU URBAN,14,system,,1696090682239195,1696090682239195
75,BETUL,18,system,,1696090682239198,1696090682239198
76,BHADOHI,33,system,,1696090682239200,1696090682239200
77,BHADRADRI KOTHAGUDEM,30,system,,1696090682239204,1696090682239204
78,BHADRAK,24,system,,1696090682239208,1696090682239208
79,BHAGALPUR,4,system,,1696090682239210,1696090682239210
80,BHANDARA,19,system,,1696090682239212,1696090682239212
81,BHARATPUR,27,system,,1696090682239215,1696090682239215
82,BHARUCH,9,system,,1696090682239218,1696090682239218
83,BHAVNAGAR,9,system,,1696090682239220,1696090682239220
84,BHILWARA,27,system,,1696090682239221,1696090682239221
85,BHIND,18,system,,1696090682239225,1696090682239225
86,BHIWANI,10,system,,1696090682239227,1696090682239227
87,BHOJPUR,4,system,,1696090682239230,1696090682239230
88,BHOPAL,18,system,,1696090682239232,1696090682239232
89,BIDAR,14,system,,1696090682239234,1696090682239234
90,BIJAPUR,6,system,,1696090682239237,1696090682239237
91,BIJNOR,33,system,,1696090682239239,1696090682239239
92,BIKANER,27,system,,1696090682239242,1696090682239242
93,BILASPUR,11,system,,1696090682239245,1696090682239245
94,BIRBHUM,35,system,,1696090682239248,1696090682239248
95,BISHNUPUR,20,system,,1696090682239251,1696090682239251
96,BISWANATH,3,system,,1696090682239254,1696090682239254
97,BOKARO,13,system,,1696090682239255,1696090682239255
98,BONGAIGAON,3,system,,1696090682239257,1696090682239257
99,BOTAD,9,system,,1696090682239259,1696090682239259
100,BOUDH,24,system,,1696090682239261,1696090682239261
101,BUDAUN,33,system,,1696090682239264,1696090682239264
102,BUDGAM,12,system,,1696090682239267,1696090682239267
103,BULANDSHAHR,33,system,,1696090682239269,1696090682239269
104,BULDHANA,19,system,,1696090682239272,1696090682239272
105,BUNDI,27,system,,1696090682239275,1696090682239275
106,BURHANPUR,18,system,,1696090682239278,1696090682239278
107,BUXAR,4,system,,1696090682239281,1696090682239281
108,CACHAR,3,system,,1696090682239282,1696090682239282
109,CENTRAL,7,system,,1696090682239284,1696090682239284
110,CHAMARAJANAGARA,14,system,,1696090682239288,1696090682239288
111,CHAMBA,11,system,,1696090682239291,1696090682239291
112,CHAMOLI,34,system,,1696090682239293,1696090682239293
113,CHAMPAWAT,34,system,,1696090682239296,1696090682239296
114,CHAMPHAI,22,system,,1696090682239300,1696090682239300
115,CHANDAULI,33,system,,1696090682239302,1696090682239302
116,CHANDEL,20,system,,1696090682239305,1696090682239305
117,CHANDIGARH,5,system,,1696090682239308,1696090682239308
118,CHANDRAPUR,19,system,,1696090682239310,1696090682239310
119,CHANGLANG,2,system,,1696090682239313,1696090682239313
120,CHARAIDEO,3,system,,1696090682239315,1696090682239315
121,CHARKI DADRI,10,system,,1696090682239316,1696090682239316
122,CHATRA,13,system,,1696090682239318,1696090682239318
123,CHENGALPATTU,29,system,,1696090682239321,1696090682239321
124,CHENNAI,29,system,,1696090682239324,1696090682239324
125,CHHATARPUR,18,system,,1696090682239327,1696090682239327
126,CHHINDWARA,18,system,,1696090682239329,1696090682239329
127,CHHOTAUDEPUR,9,system,,1696090682239332,1696090682239332
128,CHIKKABALLAPURA,14,system,,1696090682239334,1696090682239334
129,CHIKKAMAGALURU,14,system,,1696090682239337,1696090682239337
130,CHIRANG,3,system,,1696090682239340,1696090682239340
131,CHITRADURGA,14,system,,1696090682239341,1696090682239341
132,CHITRAKOOT,33,system,,1696090682239343,1696090682239343
133,CHITTOOR,1,system,,1696090682239346,1696090682239346
134,CHITTORGARH,27,system,,1696090682239348,1696090682239348
135,CHURACHANDPUR,20,system,,1696090682239351,1696090682239351
136,CHURU,27,system,,1696090682239354,1696090682239354
137,COIMBATORE,29,system,,1696090682239357,1696090682239357
138,COOCHBEHAR,35,system,,1696090682239360,1696090682239360
139,CUDDALORE,29,system,,1696090682239364,1696090682239364
140,CUTTACK,24,system,,1696090682239367,1696090682239367
141,DADRA AND NAGAR HAVELI,31,system,,1696090682239369,1696090682239369
142,DAKSHINA KANNADA,14,system,,1696090682239374,1696090682239374
143,DAMAN,31,system,,1696090682239376,1696090682239376
144,DAMOH,18,system,,1696090682239380,1696090682239380
145,DANG,9,system,,1696090682239383,1696090682239383
146,DANTEWADA,6,system,,1696090682239385,1696090682239385
147,DARBHANGA,4,system,,1696090682239387,1696090682239387
148,DARJEELING,35,system,,1696090682239389,1696090682239389
149,DARRANG,3,system,,1696090682239392,1696090682239392
150,DATIA,18,system,,1696090682239394,1696090682239394
151,DAUSA,27,system,,1696090682239396,1696090682239396
152,DAVANGERE,14,system,,1696090682239399,1696090682239399
153,DEHRADUN,34,system,,1696090682239402,1696090682239402
154,DEOGARH,24,system,,1696090682239405,1696090682239405
155,DEOGHAR,13,system,,1696090682239408,1696090682239408
156,DEORIA,33,system,,1696090682239410,1696090682239410
157,DEVBHUMI DWARKA,9,system,,1696090682239413,1696090682239413
158,DEWAS,18,system,,1696090682239415,1696090682239415
159,DHALAI,32,system,,1696090682239417,1696090682239417
160,DHAMTARI,6,system,,1696090682239421,1696090682239421
161,DHANBAD,13,system,,1696090682239423,1696090682239423
162,DHAR,18,system,,1696090682239425,1696090682239425
163,DHARMAPURI,29,system,,1696090682239427,1696090682239427
164,DHARWAD,14,system,,1696090682239431,1696090682239431
165,DHEMAJI,3,system,,1696090682239433,1696090682239433
166,DHENKANAL,24,system,,1696090682239435,1696090682239435
167,DHOLPUR,27,system,,1696090682239437,1696090682239437
168,DHUBRI,3,system,,1696090682239440,1696090682239440
169,DHULE,19,system,,1696090682239442,1696090682239442
170,DIBANG VALLEY,2,system,,1696090682239447,1696090682239447
171,DIBRUGARH,3,system,,1696090682239449,1696090682239449
172,DIMA HASAO,3,system,,1696090682239451,1696090682239451
173,DIMAPUR,23,system,,1696090682239452,1696090682239452
174,DINAJPUR DAKSHIN,35,system,,1696090682239455,1696090682239455
175,DINAJPUR UTTAR,35,system,,1696090682239459,1696090682239459
176,DINDIGUL,29,system,,1696090682239462,1696090682239462
177,DINDORI,18,system,,1696090682239466,1696090682239466
178,DIU,31,system,,1696090682239468,1696090682239468
179,DODA,12,system,,1696090682239472,1696090682239472
180,DOHAD,9,system,,1696090682239475,1696090682239475
181,DUMKA,13,system,,1696090682239477,1696090682239477
182,DUNGARPUR,27,system,,1696090682239479,1696090682239479
183,DURG,6,system,,1696090682239482,1696090682239482
184,EAST,7,system,,1696090682239486,1696090682239486
185,EAST DISTRICT,28,system,,1696090682239488,1696090682239488
186,EAST GARO HILLS,21,system,,1696090682239491,1696090682239491
187,EAST GODAVARI,1,system,,1696090682239494,1696090682239494
188,EAST JAINTIA HILLS,21,system,,1696090682239496,1696090682239496
189,EAST KAMENG,2,system,,1696090682239499,1696090682239499
190,EAST KHASI HILLS,21,system,,1696090682239501,1696090682239501
191,EAST NIMAR,18,system,,1696090682239504,1696090682239504
192,EAST SIANG,2,system,,1696090682239507,1696090682239507
193,EAST SINGHBUM,13,system,,1696090682239509,1696090682239509
194,ERNAKULAM,15,system,,1696090682239511,1696090682239511
195,ERODE,29,system,,1696090682239513,1696090682239513
196,ETAH,33,system,,1696090682239516,1696090682239516
197,ETAWAH,33,system,,1696090682239519,1696090682239519
198,FARIDABAD,10,system,,1696090682239522,1696090682239522
199,FARIDKOT,26,system,,1696090682239524,1696090682239524
200,FARRUKHABAD,33,system,,1696090682239527,1696090682239527
201,FATEHABAD,10,system,,1696090682239530,1696090682239530
202,FATEHGARH SAHIB,26,system,,1696090682239532,1696090682239532
203,FATEHPUR,33,system,,1696090682239535,1696090682239535
204,FAZILKA,26,system,,1696090682239538,1696090682239538
205,FIROZABAD,33,system,,1696090682239541,1696090682239541
206,FIROZEPUR,26,system,,1696090682239545,1696090682239545
207,GADAG,14,system,,1696090682239548,1696090682239548
208,GADCHIROLI,19,system,,1696090682239550,1696090682239550
209,GAJAPATI,24,system,,1696090682239553,1696090682239553
210,GANDERBAL,12,system,,1696090682239555,1696090682239555
211,GANDHINAGAR,9,system,,1696090682239558,1696090682239558
212,GANGANAGAR,27,system,,1696090682239560,1696090682239560
213,GANJAM,24,system,,1696090682239563,1696090682239563
214,GARHWA,13,system,,1696090682239565,1696090682239565
215,GARIYABAND,6,system,,1696090682239567,1696090682239567
216,GAURELLA PENDRA MARWAHI,6,system,,1696090682239569,1696090682239569
217,GAUTAM BUDDHA NAGAR,33,system,,1696090682239571,1696090682239571
218,GAYA,4,system,,1696090682239574,1696090682239574
219,GHAZIABAD,33,system,,1696090682239576,1696090682239576
220,GHAZIPUR,33,system,,1696090682239579,1696090682239579
221,GIR SOMNATH,9,system,,1696090682239582,1696090682239582
222,GIRIDIH,13,system,,1696090682239584,1696090682239584
223,GOALPARA,3,system,,1696090682239586,1696090682239586
224,GODDA,13,system,,1696090682239588,1696090682239588
225,GOLAGHAT,3,system,,1696090682239590,1696090682239590
226,GOMATI,32,system,,1696090682239592,1696090682239592
227,GONDA,33,system,,1696090682239595,1696090682239595
228,GONDIA,19,system,,1696090682239598,1696090682239598
229,GOPALGANJ,4,system,,1696090682239601,1696090682239601
230,GORAKHPUR,33,system,,1696090682239602,1696090682239602
231,GUMLA,13,system,,1696090682239605,1696090682239605
232,GUNA,18,system,,1696090682239607,1696090682239607
233,GUNTUR,1,system,,1696090682239610,1696090682239610
234,GURDASPUR,26,system,,1696090682239612,1696090682239612
235,GURUGRAM,10,system,,1696090682239615,1696090682239615
236,GWALIOR,18,system,,1696090682239617,1696090682239617
237,HAILAKANDI,3,system,,1696090682239619,1696090682239619
238,HAMIRPUR,11,system,,1696090682239621,1696090682239621
239,HANUMANGARH,27,system,,1696090682239623,1696090682239623
240,HAPUR,33,system,,1696090682239626,1696090682239626
241,HARDA,18,system,,1696090682239630,1696090682239630
242,HARDOI,33,system,,1696090682239687,1696090682239687
243,HARIDWAR,34,system,,1696090682239724,1696090682239724
244,HASSAN,14,system,,1696090682239732,1696090682239732
245,HATHRAS,33,system,,1696090682239735,1696090682239735
246,HAVERI,14,system,,1696090682239738,1696090682239738
247,HAZARIBAGH,13,system,,1696090682239741,1696090682239741
248,HINGOLI,19,system,,1696090682239743,1696090682239743
249,HISAR,10,system,,1696090682239746,1696090682239746
250,HNAHTHIAL,22,system,,1696090682239748,1696090682239748
251,HOJAI,3,system,,1696090682239751,1696090682239751
252,HOOGHLY,35,system,,1696090682239753,1696090682239753
253,HOSHANGABAD,18,system,,1696090682239757,1696090682239757
254,HOSHIARPUR,26,system,,1696090682239760,1696090682239760
255,HOWRAH,35,system,,1696090682239764,1696090682239764
256,HYDERABAD,30,system,,1696090682239768,1696090682239768
257,IDUKKI,15,system,,1696090682239771,1696090682239771
258,IMPHAL EAST,20,system,,1696090682239774,1696090682239774
259,IMPHAL WEST,20,system,,1696090682239777,1696090682239777
260,INDORE,18,system,,1696090682239779,1696090682239779
261,JABALPUR,18,system,,1696090682239782,1696090682239782
262,JAGATSINGHAPUR,24,system,,1696090682239785,1696090682239785
263,JAGITIAL,30,system,,1696090682239791,1696090682239791
264,JAIPUR,27,system,,1696090682239794,1696090682239794
265,JAISALMER,27,system,,1696090682239797,1696090682239797
266,JAJAPUR,24,system,,1696090682239801,1696090682239801
267,JALANDHAR,26,system,,1696090682239804,1696090682239804
268,JALAUN,33,system,,1696090682239807,1696090682239807
269,JALGAON,19,system,,1696090682239810,1696090682239810
270,JALNA,19,system,,1696090682239813,1696090682239813
271,JALORE,27,system,,1696090682239815,1696090682239815
272,JALPAIGURI,35,system,,1696090682239818,1696090682239818
273,JAMMU,12,system,,1696090682239822,1696090682239822
274,JAMNAGAR,9,system,,1696090682239825,1696090682239825
275,JAMTARA,13,system,,1696090682239827,1696090682239827
276,JAMUI,4,system,,1696090682239830,1696090682239830
277,JANGOAN,30,system,,1696090682239832,1696090682239832
278,JANJGIR-CHAMPA,6,system,,1696090682239835,1696090682239835
279,JASHPUR,6,system,,1696090682239837,1696090682239837
280,JAUNPUR,33,system,,1696090682239840,1696090682239840
281,JAYASHANKAR BHUPALAPALLY,30,system,,1696090682239843,1696090682239843
282,JEHANABAD,4,system,,1696090682239847,1696090682239847
283,JHABUA,18,system,,1696090682239849,1696090682239849
284,JHAJJAR,10,system,,1696090682239852,1696090682239852
285,JHALAWAR,27,system,,1696090682239854,1696090682239854
286,JHANSI,33,system,,1696090682239857,1696090682239857
287,JHARGRAM,35,system,,1696090682239860,1696090682239860
288,JHARSUGUDA,24,system,,1696090682239864,1696090682239864
289,JHUNJHUNU,27,system,,1696090682239867,1696090682239867
290,JIND,10,system,,1696090682239870,1696090682239870
291,JIRIBAM,20,system,,1696090682239872,1696090682239872
292,JODHPUR,27,system,,1696090682239875,1696090682239875
293,JOGULAMBA GADWAL,30,system,,1696090682239878,1696090682239878
294,JORHAT,3,system,,1696090682239881,1696090682239881
295,JUNAGADH,9,system,,1696090682239883,1696090682239883
296,KABIRDHAM,6,system,,1696090682239885,1696090682239885
297,KACHCHH,9,system,,1696090682239887,1696090682239887
298,KAIMUR (BHABUA),4,system,,1696090682239890,1696090682239890
299,KAITHAL,10,system,,1696090682239892,1696090682239892
300,KAKCHING,20,system,,1696090682239894,1696090682239894
301,KALABURAGI,14,system,,1696090682239897,1696090682239897
302,KALAHANDI,24,system,,1696090682239899,1696090682239899
303,KALIMPONG,35,system,,1696090682239902,1696090682239902
304,KALLAKURICHI,29,system,,1696090682239906,1696090682239906
305,KAMAREDDY,30,system,,1696090682239910,1696090682239910
306,KAMJONG,20,system,,1696090682239913,1696090682239913
307,KAMLE,2,system,,1696090682239916,1696090682239916
308,KAMRUP,3,system,,1696090682239918,1696090682239918
309,KAMRUP METRO,3,system,,1696090682239920,1696090682239920
310,KANCHIPURAM,29,system,,1696090682239922,1696090682239922
311,KANDHAMAL,24,system,,1696090682239926,1696090682239926
312,KANGPOKPI,20,system,,1696090682239932,1696090682239932
313,KANGRA,11,system,,1696090682239935,1696090682239935
314,KANKER,6,system,,1696090682239938,1696090682239938
315,KANNAUJ,33,system,,1696090682239940,1696090682239940
316,KANNIYAKUMARI,29,system,,1696090682239944,1696090682239944
317,KANNUR,15,system,,1696090682239947,1696090682239947
318,KANPUR DEHAT,33,system,,1696090682239950,1696090682239950
319,KANPUR NAGAR,33,system,,1696090682239954,1696090682239954
320,KAPURTHALA,26,system,,1696090682239957,1696090682239957
321,KARAIKAL,25,system,,1696090682239961,1696090682239961
322,KARAULI,27,system,,1696090682239964,1696090682239964
323,KARBI ANGLONG,3,system,,1696090682239968,1696090682239968
324,KARGIL,16,system,,1696090682239970,1696090682239970
325,KARIMGANJ,3,system,,1696090682239973,1696090682239973
326,KARIMNAGAR,30,system,,1696090682239975,1696090682239975
327,KARNAL,10,system,,1696090682239978,1696090682239978
328,KARUR,29,system,,1696090682239980,1696090682239980
329,KASARAGOD,15,system,,1696090682239984,1696090682239984
330,KASGANJ,33,system,,1696090682239987,1696090682239987
331,KATHUA,12,system,,1696090682239991,1696090682239991
332,KATIHAR,4,system,,1696090682239994,1696090682239994
333,KATNI,18,system,,1696090682239996,1696090682239996
334,KAUSHAMBI,33,system,,1696090682239999,1696090682239999
335,KENDRAPARA,24,system,,1696090682240004,1696090682240004
336,KENDUJHAR,24,system,,1696090682240007,1696090682240007
337,KHAGARIA,4,system,,1696090682240010,1696090682240010
338,KHAMMAM,30,system,,1696090682240012,1696090682240012
339,KHARGONE,18,system,,1696090682240016,1696090682240016
340,KHAWZAWL,22,system,,1696090682240019,1696090682240019
341,KHEDA,9,system,,1696090682240028,1696090682240028
342,KHERI,33,system,,1696090682240032,1696090682240032
343,KHORDHA,24,system,,1696090682240036,1696090682240036
344,KHOWAI,32,system,,1696090682240039,1696090682240039
345,KHUNTI,13,system,,1696090682240043,1696090682240043
346,KINNAUR,11,system,,1696090682240046,1696090682240046
347,KIPHIRE,23,system,,1696090682240049,1696090682240049
348,KISHANGANJ,4,system,,1696090682240052,1696090682240052
349,KISHTWAR,12,system,,1696090682240054,1696090682240054
350,KODAGU,14,system,,1696090682240056,1696090682240056
351,KODERMA,13,system,,1696090682240060,1696090682240060
352,KOHIMA,23,system,,1696090682240062,1696090682240062
353,KOKRAJHAR,3,system,,1696090682240066,1696090682240066
354,KOLAR,14,system,,1696090682240068,1696090682240068
355,KOLASIB,22,system,,1696090682240070,1696090682240070
356,KOLHAPUR,19,system,,1696090682240074,1696090682240074
357,KOLKATA,35,system,,1696090682240077,1696090682240077
358,KOLLAM,15,system,,1696090682240082,1696090682240082
359,KONDAGAON,6,system,,1696090682240084,1696090682240084
360,KOPPAL,14,system,,1696090682240086,1696090682240086
361,KORAPUT,24,system,,1696090682240090,1696090682240090
362,KORBA,6,system,,1696090682240093,1696090682240093
363,KOREA,6,system,,1696090682240095,1696090682240095
364,KOTA,27,system,,1696090682240097,1696090682240097
365,KOTTAYAM,15,system,,1696090682240100,1696090682240100
366,KOZHIKODE,15,system,,1696090682240103,1696090682240103
367,KRA DAADI,2,system,,1696090682240105,1696090682240105
368,KRISHNA,1,system,,1696090682240108,1696090682240108
369,KRISHNAGIRI,29,system,,1696090682240111,1696090682240111
370,KULGAM,12,system,,1696090682240116,1696090682240116
371,KULLU,11,system,,1696090682240119,1696090682240119
372,KUMURAM BHEEM ASIFABAD,30,system,,1696090682240123,1696090682240123
373,KUPWARA,12,system,,1696090682240128,1696090682240128
374,KURNOOL,1,system,,1696090682240131,1696090682240131
375,KURUKSHETRA,10,system,,1696090682240134,1696090682240134
376,KURUNG KUMEY,2,system,,1696090682240137,1696090682240137
377,KUSHI NAGAR,33,system,,1696090682240139,1696090682240139
378,LAHUL AND SPITI,11,system,,1696090682240144,1696090682240144
379,LAKHIMPUR,3,system,,1696090682240148,1696090682240148
380,LAKHISARAI,4,system,,1696090682240156,1696090682240156
381,LAKSHADWEEP DISTRICT,17,system,,1696090682240160,1696090682240160
382,LALITPUR,33,system,,1696090682240164,1696090682240164
383,LATEHAR,13,system,,1696090682240168,1696090682240168
384,LATUR,19,system,,1696090682240171,1696090682240171
385,LAWNGTLAI,22,system,,1696090682240174,1696090682240174
386,LEH LADAKH,16,system,,1696090682240178,1696090682240178
387,LEPARADA,2,system,,1696090682240181,1696090682240181
388,LOHARDAGA,13,system,,1696090682240184,1696090682240184
389,LOHIT,2,system,,1696090682240187,1696090682240187
390,LONGDING,2,system,,1696090682240190,1696090682240190
391,LONGLENG,23,system,,1696090682240193,1696090682240193
392,LOWER DIBANG VALLEY,2,system,,1696090682240196,1696090682240196
393,LOWER SIANG,2,system,,1696090682240199,1696090682240199
394,LOWER SUBANSIRI,2,system,,1696090682240201,1696090682240201
395,LUCKNOW,33,system,,1696090682240203,1696090682240203
396,LUDHIANA,26,system,,1696090682240206,1696090682240206
397,LUNGLEI,22,system,,1696090682240210,1696090682240210
398,MADHEPURA,4,system,,1696090682240213,1696090682240213
399,MADHUBANI,4,system,,1696090682240216,1696090682240216
400,MADURAI,29,system,,1696090682240218,1696090682240218
401,MAHABUBABAD,30,system,,1696090682240222,1696090682240222
402,MAHABUBNAGAR,30,system,,1696090682240226,1696090682240226
403,MAHARAJGANJ,33,system,,1696090682240229,1696090682240229
404,MAHASAMUND,6,system,,1696090682240235,1696090682240235
405,MAHE,25,system,,1696090682240238,1696090682240238
406,MAHENDRAGARH,10,system,,1696090682240241,1696090682240241
407,MAHESANA,9,system,,1696090682240243,1696090682240243
408,MAHISAGAR,9,system,,1696090682240245,1696090682240245
409,MAHOBA,33,system,,1696090682240249,1696090682240249
410,MAINPURI,33,system,,1696090682240252,1696090682240252
411,MAJULI,3,system,,1696090682240258,1696090682240258
412,MALAPPURAM,15,system,,1696090682240259,1696090682240259
413,MALDAH,35,system,,1696090682240262,1696090682240262
414,MALERKOTLA,26,system,,1696090682240267,1696090682240267
415,MALKANGIRI,24,system,,1696090682240271,1696090682240271
416,MAMIT,22,system,,1696090682240274,1696090682240274
417,MANCHERIAL,30,system,,1696090682240278,1696090682240278
418,MANDI,11,system,,1696090682240282,1696090682240282
419,MANDLA,18,system,,1696090682240285,1696090682240285
420,MANDSAUR,18,system,,1696090682240288,1696090682240288
421,MANDYA,14,system,,1696090682240292,1696090682240292
422,MANSA,26,system,,1696090682240295,1696090682240295
423,MARIGAON,3,system,,1696090682240299,1696090682240299
424,MATHURA,33,system,,1696090682240301,1696090682240301
425,MAU,33,system,,1696090682240304,1696090682240304
426,MAYILADUTHURAI,29,system,,1696090682240309,1696090682240309
427,MAYURBHANJ,24,system,,1696090682240313,1696090682240313
428,MEDAK,30,system,,1696090682240317,1696090682240317
429,MEDCHAL MALKAJGIRI,30,system,,1696090682240321,1696090682240321
430,MEDINIPUR EAST,35,system,,1696090682240326,1696090682240326
431,MEDINIPUR WEST,35,system,,1696090682240330,1696090682240330
432,MEERUT,33,system,,1696090682240336,1696090682240336
433,MIRZAPUR,33,system,,1696090682240340,1696090682240340
434,MOGA,26,system,,1696090682240344,1696090682240344
435,MOKOKCHUNG,23,system,,1696090682240348,1696090682240348
436,MON,23,system,,1696090682240353,1696090682240353
437,MORADABAD,33,system,,1696090682240356,1696090682240356
438,MORBI,9,system,,1696090682240360,1696090682240360
439,MORENA,18,system,,1696090682240362,1696090682240362
440,MULUGU,30,system,,1696090682240365,1696090682240365
441,MUMBAI,19,system,,1696090682240369,1696090682240369
442,MUMBAI SUBURBAN,19,system,,1696090682240373,1696090682240373
443,MUNGELI,6,system,,1696090682240376,1696090682240376
444,MUNGER,4,system,,1696090682240378,1696090682240378
445,MURSHIDABAD,35,system,,1696090682240381,1696090682240381
446,MUZAFFARNAGAR,33,system,,1696090682240386,1696090682240386
447,MUZAFFARPUR,4,system,,1696090682240390,1696090682240390
448,MYSURU,14,system,,1696090682240392,1696090682240392
449,NABARANGPUR,24,system,,1696090682240395,1696090682240395
450,NADIA,35,system,,1696090682240399,1696090682240399
451,NAGAON,3,system,,1696090682240403,1696090682240403
452,NAGAPATTINAM,29,system,,1696090682240405,1696090682240405
453,NAGARKURNOOL,30,system,,1696090682240419,1696090682240419
454,NAGAUR,27,system,,1696090682240425,1696090682240425
455,NAGPUR,19,system,,1696090682240429,1696090682240429
456,NAINITAL,34,system,,1696090682240432,1696090682240432
457,NALANDA,4,system,,1696090682240438,1696090682240438
458,NALBARI,3,system,,1696090682240441,1696090682240441
459,NALGONDA,30,system,,1696090682240442,1696090682240442
460,NAMAKKAL,29,system,,1696090682240446,1696090682240446
461,NAMSAI,2,system,,1696090682240451,1696090682240451
462,NANDED,19,system,,1696090682240453,1696090682240453
463,NANDURBAR,19,system,,1696090682240457,1696090682240457
464,NARAYANPET,30,system,,1696090682240460,1696090682240460
465,NARAYANPUR,6,system,,1696090682240464,1696090682240464
466,NARMADA,9,system,,1696090682240467,1696090682240467
467,NARSINGHPUR,18,system,,1696090682240470,1696090682240470
468,NASHIK,19,system,,1696090682240473,1696090682240473
469,NAVSARI,9,system,,1696090682240477,1696090682240477
470,NAWADA,4,system,,1696090682240479,1696090682240479
471,NAYAGARH,24,system,,1696090682240482,1696090682240482
472,NEEMUCH,18,system,,1696090682240485,1696090682240485
473,NEW DELHI,7,system,,1696090682240491,1696090682240491
474,NICOBARS,0,system,,1696090682240494,1696090682240494
475,NIRMAL,30,system,,1696090682240499,1696090682240499
476,NIWARI,18,system,,1696090682240504,1696090682240504
477,NIZAMABAD,30,system,,1696090682240507,1696090682240507
478,NOKLAK,23,system,,1696090682240512,1696090682240512
479,NONEY,20,system,,1696090682240516,1696090682240516
480,NORTH,7,system,,1696090682240521,1696090682240521
481,NORTH AND MIDDLE ANDAMAN,0,system,,1696090682240525,1696090682240525
482,NORTH DISTRICT,28,system,,1696090682240528,1696090682240528
483,NORTH EAST,7,system,,1696090682240536,1696090682240536
484,NORTH GARO HILLS,21,system,,1696090682240539,1696090682240539
485,NORTH GOA,8,system,,1696090682240544,1696090682240544
486,NORTH TRIPURA,32,system,,1696090682240547,1696090682240547
487,NORTH WEST,7,system,,1696090682240553,1696090682240553
488,NUAPADA,24,system,,1696090682240557,1696090682240557
489,NUH,10,system,,1696090682240560,1696090682240560
490,OSMANABAD,19,system,,1696090682240563,1696090682240563
491,PAKKE KESSANG,2,system,,1696090682240569,1696090682240569
492,PAKUR,13,system,,1696090682240572,1696090682240572
493,PALAKKAD,15,system,,1696090682240576,1696090682240576
494,PALAMU,13,system,,1696090682240580,1696090682240580
495,PALGHAR,19,system,,1696090682240585,1696090682240585
496,PALI,27,system,,1696090682240588,1696090682240588
497,PALWAL,10,system,,1696090682240593,1696090682240593
498,PANCH MAHALS,9,system,,1696090682240596,1696090682240596
499,PANCHKULA,10,system,,1696090682240598,1696090682240598
500,PANIPAT,10,system,,1696090682240601,1696090682240601
501,PANNA,18,system,,1696090682240604,1696090682240604
502,PAPUM PARE,2,system,,1696090682240610,1696090682240610
503,PARBHANI,19,system,,1696090682240613,1696090682240613
504,PASCHIM BARDHAMAN,35,system,,1696090682240617,1696090682240617
505,PASHCHIM CHAMPARAN,4,system,,1696090682240623,1696090682240623
506,PATAN,9,system,,1696090682240627,1696090682240627
507,PATHANAMTHITTA,15,system,,1696090682240630,1696090682240630
508,PATHANKOT,26,system,,1696090682240634,1696090682240634
509,PATIALA,26,system,,1696090682240639,1696090682240639
510,PATNA,4,system,,1696090682240646,1696090682240646
511,PAURI GARHWAL,34,system,,1696090682240649,1696090682240649
512,PEDDAPALLI,30,system,,1696090682240665,1696090682240665
513,PERAMBALUR,29,system,,1696090682240673,1696090682240673
514,PEREN,23,system,,1696090682240680,1696090682240680
515,PHEK,23,system,,1696090682240684,1696090682240684
516,PHERZAWL,20,system,,1696090682240689,1696090682240689
517,PILIBHIT,33,system,,1696090682240695,1696090682240695
518,PITHORAGARH,34,system,,1696090682240701,1696090682240701
519,PONDICHERRY,25,system,,1696090682240708,1696090682240708
520,POONCH,12,system,,1696090682240712,1696090682240712
521,PORBANDAR,9,system,,1696090682240719,1696090682240719
522,PRAKASAM,1,system,,1696090682240724,1696090682240724
523,PRATAPGARH,27,system,,1696090682240728,1696090682240728
524,PRAYAGRAJ,33,system,,1696090682240733,1696090682240733
525,PUDUKKOTTAI,29,system,,1696090682240736,1696090682240736
526,PULWAMA,12,system,,1696090682240753,1696090682240753
527,PUNE,19,system,,1696090682240759,1696090682240759
528,PURBA BARDHAMAN,35,system,,1696090682240765,1696090682240765
529,PURBI CHAMPARAN,4,system,,1696090682240771,1696090682240771
530,PURI,24,system,,1696090682240776,1696090682240776
531,PURNIA,4,system,,1696090682240784,1696090682240784
532,PURULIA,35,system,,1696090682240787,1696090682240787
533,RAE BARELI,33,system,,1696090682240796,1696090682240796
534,RAICHUR,14,system,,1696090682240803,1696090682240803
535,RAIGAD,19,system,,1696090682240807,1696090682240807
536,RAIGARH,6,system,,1696090682240812,1696090682240812
537,RAIPUR,6,system,,1696090682240817,1696090682240817
538,RAISEN,18,system,,1696090682240820,1696090682240820
539,RAJANNA SIRCILLA,30,system,,1696090682240825,1696090682240825
540,RAJGARH,18,system,,1696090682240831,1696090682240831
541,RAJKOT,9,system,,1696090682240837,1696090682240837
542,RAJNANDGAON,6,system,,1696090682240841,1696090682240841
543,RAJOURI,12,system,,1696090682240845,1696090682240845
544,RAJSAMAND,27,system,,1696090682240849,1696090682240849
545,RAMANAGARA,14,system,,1696090682240854,1696090682240854
546,RAMANATHAPURAM,29,system,,1696090682240858,1696090682240858
547,RAMBAN,12,system,,1696090682240865,1696090682240865
548,RAMGARH,13,system,,1696090682240870,1696090682240870
549,RAMPUR,33,system,,1696090682240874,1696090682240874
550,RANCHI,13,system,,1696090682240880,1696090682240880
551,RANGA REDDY,30,system,,1696090682240884,1696090682240884
552,RANIPET,29,system,,1696090682240890,1696090682240890
553,RATLAM,18,system,,1696090682240894,1696090682240894
554,RATNAGIRI,19,system,,1696090682240900,1696090682240900
555,RAYAGADA,24,system,,1696090682240908,1696090682240908
556,REASI,12,system,,1696090682240913,1696090682240913
557,REWA,18,system,,1696090682240916,1696090682240916
558,REWARI,10,system,,1696090682240921,1696090682240921
559,RI BHOI,21,system,,1696090682240926,1696090682240926
560,ROHTAK,10,system,,1696090682240930,1696090682240930
561,ROHTAS,4,system,,1696090682240933,1696090682240933
562,RUDRA PRAYAG,34,system,,1696090682240936,1696090682240936
563,RUPNAGAR,26,system,,1696090682240943,1696090682240943
564,S.A.S NAGAR,26,system,,1696090682240948,1696090682240948
565,SABAR KANTHA,9,system,,1696090682240951,1696090682240951
566,SAGAR,18,system,,1696090682240954,1696090682240954
567,SAHARANPUR,33,system,,1696090682240958,1696090682240958
568,SAHARSA,4,system,,1696090682240965,1696090682240965
569,SAHEBGANJ,13,system,,1696090682240970,1696090682240970
570,SAIHA,22,system,,1696090682240974,1696090682240974
571,SAITUAL,22,system,,1696090682240980,1696090682240980
572,SALEM,29,system,,1696090682240985,1696090682240985
573,SAMASTIPUR,4,system,,1696090682240991,1696090682240991
574,SAMBA,12,system,,1696090682240995,1696090682240995
575,SAMBALPUR,24,system,,1696090682241001,1696090682241001
576,SAMBHAL,33,system,,1696090682241005,1696090682241005
577,SANGAREDDY,30,system,,1696090682241010,1696090682241010
578,SANGLI,19,system,,1696090682241017,1696090682241017
579,SANGRUR,26,system,,1696090682241021,1696090682241021
580,SANT KABEER NAGAR,33,system,,1696090682241025,1696090682241025
581,SARAIKELA KHARSAWAN,13,system,,1696090682241033,1696090682241033
582,SARAN,4,system,,1696090682241040,1696090682241040
583,SATARA,19,system,,1696090682241042,1696090682241042
584,SATNA,18,system,,1696090682241048,1696090682241048
585,SAWAI MADHOPUR,27,system,,1696090682241053,1696090682241053
586,SEHORE,18,system,,1696090682241059,1696090682241059
587,SENAPATI,20,system,,1696090682241063,1696090682241063
588,SEONI,18,system,,1696090682241067,1696090682241067
589,SEPAHIJALA,32,system,,1696090682241072,1696090682241072
590,SERCHHIP,22,system,,1696090682241080,1696090682241080
591,SHAHDARA,7,system,,1696090682241084,1696090682241084
592,SHAHDOL,18,system,,1696090682241088,1696090682241088
593,SHAHID BHAGAT SINGH NAGAR,26,system,,1696090682241095,1696090682241095
594,SHAHJAHANPUR,33,system,,1696090682241100,1696090682241100
595,SHAJAPUR,18,system,,1696090682241106,1696090682241106
596,SHAMLI,33,system,,1696090682241109,1696090682241109
597,SHEIKHPURA,4,system,,1696090682241114,1696090682241114
598,SHEOHAR,4,system,,1696090682241138,1696090682241138
599,SHEOPUR,18,system,,1696090682241142,1696090682241142
600,SHI YOMI,2,system,,1696090682241147,1696090682241147
601,SHIMLA,11,system,,1696090682241151,1696090682241151
602,SHIVAMOGGA,14,system,,1696090682241155,1696090682241155
603,SHIVPURI,18,system,,1696090682241160,1696090682241160
604,SHOPIAN,12,system,,1696090682241165,1696090682241165
605,SHRAVASTI,33,system,,1696090682241169,1696090682241169
606,SIANG,2,system,,1696090682241175,1696090682241175
607,SIDDHARTH NAGAR,33,system,,1696090682241182,1696090682241182
608,SIDDIPET,30,system,,1696090682241189,1696090682241189
609,SIDHI,18,system,,1696090682241195,1696090682241195
610,SIKAR,27,system,,1696090682241199,1696090682241199
611,SIMDEGA,13,system,,1696090682241203,1696090682241203
612,SINDHUDURG,19,system,,1696090682241207,1696090682241207
613,SINGRAULI,18,system,,1696090682241211,1696090682241211
614,SIRMAUR,11,system,,1696090682241214,1696090682241214
615,SIROHI,27,system,,1696090682241219,1696090682241219
616,SIRSA,10,system,,1696090682241225,1696090682241225
617,SITAMARHI,4,system,,1696090682241228,1696090682241228
618,SITAPUR,33,system,,1696090682241231,1696090682241231
619,SIVAGANGA,29,system,,1696090682241235,1696090682241235
620,SIVASAGAR,3,system,,1696090682241239,1696090682241239
621,SIWAN,4,system,,1696090682241243,1696090682241243
622,SOLAN,11,system,,1696090682241247,1696090682241247
623,SOLAPUR,19,system,,1696090682241250,1696090682241250
624,SONBHADRA,33,system,,1696090682241253,1696090682241253
625,SONEPUR,24,system,,1696090682241258,1696090682241258
626,SONIPAT,10,system,,1696090682241262,1696090682241262
627,SONITPUR,3,system,,1696090682241265,1696090682241265
628,SOUTH,7,system,,1696090682241270,1696090682241270
629,SOUTH ANDAMANS,0,system,,1696090682241273,1696090682241273
630,SOUTH DISTRICT,28,system,,1696090682241276,1696090682241276
631,SOUTH EAST,7,system,,1696090682241282,1696090682241282
632,SOUTH GARO HILLS,21,system,,1696090682241285,1696090682241285
633,SOUTH GOA,8,system,,1696090682241288,1696090682241288
634,SOUTH SALMARA MANCACHAR,3,system,,1696090682241291,1696090682241291
635,SOUTH TRIPURA,32,system,,1696090682241295,1696090682241295
636,SOUTH WEST,7,system,,1696090682241300,1696090682241300
637,SOUTH WEST GARO HILLS,21,system,,1696090682241304,1696090682241304
638,SOUTH WEST KHASI HILLS,21,system,,1696090682241311,1696090682241311
639,SPSR NELLORE,1,system,,1696090682241314,1696090682241314
640,SRI MUKTSAR SAHIB,26,system,,1696090682241318,1696090682241318
641,SRIKAKULAM,1,system,,1696090682241322,1696090682241322
642,SRINAGAR,12,system,,1696090682241326,1696090682241326
643,SUKMA,6,system,,1696090682241329,1696090682241329
644,SULTANPUR,33,system,,1696090682241331,1696090682241331
645,SUNDARGARH,24,system,,1696090682241336,1696090682241336
646,SUPAUL,4,system,,1696090682241340,1696090682241340
647,SURAJPUR,6,system,,1696090682241342,1696090682241342
648,SURAT,9,system,,1696090682241344,1696090682241344
649,SURENDRANAGAR,9,system,,1696090682241347,1696090682241347
650,SURGUJA,6,system,,1696090682241349,1696090682241349
651,SURYAPET,30,system,,1696090682241352,1696090682241352
652,TAMENGLONG,20,system,,1696090682241355,1696090682241355
653,TAPI,9,system,,1696090682241359,1696090682241359
654,TARN TARAN,26,system,,1696090682241364,1696090682241364
655,TAWANG,2,system,,1696090682241367,1696090682241367
656,TEHRI GARHWAL,34,system,,1696090682241370,1696090682241370
657,TENGNOUPAL,20,system,,1696090682241376,1696090682241376
658,TENKASI,29,system,,1696090682241381,1696090682241381
659,THANE,19,system,,1696090682241384,1696090682241384
660,THANJAVUR,29,system,,1696090682241389,1696090682241389
661,THE NILGIRIS,29,system,,1696090682241393,1696090682241393
662,THENI,29,system,,1696090682241398,1696090682241398
663,THIRUVALLUR,29,system,,1696090682241401,1696090682241401
664,THIRUVANANTHAPURAM,15,system,,1696090682241406,1696090682241406
665,THIRUVARUR,29,system,,1696090682241409,1696090682241409
666,THOUBAL,20,system,,1696090682241413,1696090682241413
667,THRISSUR,15,system,,1696090682241417,1696090682241417
668,TIKAMGARH,18,system,,1696090682241420,1696090682241420
669,TINSUKIA,3,system,,1696090682241424,1696090682241424
670,TIRAP,2,system,,1696090682241427,1696090682241427
671,TIRUCHIRAPPALLI,29,system,,1696090682241429,1696090682241429
672,TIRUNELVELI,29,system,,1696090682241434,1696090682241434
673,TIRUPATHUR,29,system,,1696090682241438,1696090682241438
674,TIRUPPUR,29,system,,1696090682241442,1696090682241442
675,TIRUVANNAMALAI,29,system,,1696090682241454,1696090682241454
676,TONK,27,system,,1696090682241460,1696090682241460
677,TUENSANG,23,system,,1696090682241464,1696090682241464
678,TUMAKURU,14,system,,1696090682241468,1696090682241468
679,TUTICORIN,29,system,,1696090682241471,1696090682241471
680,UDAIPUR,27,system,,1696090682241474,1696090682241474
681,UDALGURI,3,system,,1696090682241478,1696090682241478
682,UDAM SINGH NAGAR,34,system,,1696090682241488,1696090682241488
683,UDHAMPUR,12,system,,1696090682241493,1696090682241493
684,UDUPI,14,system,,1696090682241497,1696090682241497
685,UJJAIN,18,system,,1696090682241500,1696090682241500
686,UKHRUL,20,system,,1696090682241503,1696090682241503
687,UMARIA,18,system,,1696090682241507,1696090682241507
688,UNA,11,system,,1696090682241510,1696090682241510
689,UNAKOTI,32,system,,1696090682241514,1696090682241514
690,UNNAO,33,system,,1696090682241521,1696090682241521
691,UPPER SIANG,2,system,,1696090682241526,1696090682241526
692,UPPER SUBANSIRI,2,system,,1696090682241529,1696090682241529
693,UTTAR KASHI,34,system,,1696090682241533,1696090682241533
694,UTTARA KANNADA,14,system,,1696090682241539,1696090682241539
695,VADODARA,9,system,,1696090682241543,1696090682241543
696,VAISHALI,4,system,,1696090682241546,1696090682241546
697,VALSAD,9,system,,1696090682241548,1696090682241548
698,VARANASI,33,system,,1696090682241550,1696090682241550
699,VELLORE,29,system,,1696090682241555,1696090682241555
700,VIDISHA,18,system,,1696090682241560,1696090682241560
701,VIJAYAPURA,14,system,,1696090682241563,1696090682241563
702,VIKARABAD,30,system,,1696090682241566,1696090682241566
703,VILLUPURAM,29,system,,1696090682241570,1696090682241570
704,VIRUDHUNAGAR,29,system,,1696090682241574,1696090682241574
705,VISAKHAPATANAM,1,system,,1696090682241578,1696090682241578
706,VIZIANAGARAM,1,system,,1696090682241580,1696090682241580
707,WANAPARTHY,30,system,,1696090682241583,1696090682241583
708,WARANGAL RURAL,30,system,,1696090682241587,1696090682241587
709,WARANGAL URBAN,30,system,,1696090682241593,1696090682241593
710,WARDHA,19,system,,1696090682241596,1696090682241596
711,WASHIM,19,system,,1696090682241600,1696090682241600
712,WAYANAD,15,system,,1696090682241604,1696090682241604
713,WEST,7,system,,1696090682241607,1696090682241607
714,WEST DISTRICT,28,system,,1696090682241610,1696090682241610
715,WEST GARO HILLS,21,system,,1696090682241615,1696090682241615
716,WEST GODAVARI,1,system,,1696090682241618,1696090682241618
717,WEST JAINTIA HILLS,21,system,,1696090682241622,1696090682241622
718,WEST KAMENG,2,system,,1696090682241626,1696090682241626
719,WEST KARBI ANGLONG,3,system,,1696090682241630,1696090682241630
720,WEST KHASI HILLS,21,system,,1696090682241632,1696090682241632
721,WEST SIANG,2,system,,1696090682241637,1696090682241637
722,WEST SINGHBHUM,13,system,,1696090682241640,1696090682241640
723,WEST TRIPURA,32,system,,1696090682241643,1696090682241643
724,WOKHA,23,system,,1696090682241649,1696090682241649
725,Y.S.R.,1,system,,1696090682241653,1696090682241653
726,YADADRI BHUVANAGIRI,30,system,,1696090682241657,1696090682241657
727,YADGIR,14,system,,1696090682241665,1696090682241665
728,YAMUNANAGAR,10,system,,1696090682241669,1696090682241669
729,YANAM,25,system,,1696090682241674,1696090682241674
730,YAVATMAL,19,system,,1696090682241681,1696090682241681
731,ZUNHEBOTO,23,system,,1696090682241686,1696090682241686